Order_ID,Order_Date,Customer_Name,Region,Category,Product,Quantity,Unit_Price,Discount,Sales,Profit,Payment_Mode
ORD0001,2025-11-24,Diya,Hyderabad,Furniture,Study Table,2,7000,0.0,14000.0,3331.67,UPI
ORD0002,2025-10-30,Priya,Hyderabad,Electronics,Wireless Mouse,2,650,0.0,1300.0,375.47,UPI
ORD0003,2025-10-15,Meera,Khammam,Office Supplies,Desk Organizer,5,350,0.05,1662.5,368.95,UPI
ORD0004,2025-03-23,Priya,Nalgonda,Furniture,Study Table,2,7000,0.05,13300.0,5020.93,Cash
ORD0005,2025-02-19,Varun,Nalgonda,Furniture,Office Chair,4,5500,0.15,18700.0,6966.47,Cash
ORD0006,2025-02-10,Rohan,Nalgonda,Furniture,Study Table,1,7000,0.0,7000.0,1781.65,Debit Card
ORD0007,2025-02-10,Rahul,Hyderabad,Accessories,Laptop Stand,4,1800,0.05,6840.0,2491.24,Debit Card
ORD0008,2025-04-18,Riya,Hyderabad,Office Supplies,Pen Set,2,180,0.1,324.0,102.55,Credit Card
ORD0009,2025-12-17,Sneha,Hyderabad,Office Supplies,Notebook,3,120,0.1,324.0,110.52,Credit Card
ORD0010,2025-10-18,Sneha,Warangal,Accessories,USB Hub,4,1100,0.0,4400.0,1503.6,Credit Card
ORD0011,2025-10-15,Rohan,Nalgonda,Accessories,USB Hub,3,1100,0.0,3300.0,595.94,Credit Card
ORD0012,2025-09-18,Kiran,Hyderabad,Electronics,Wireless Mouse,2,650,0.0,1300.0,293.47,Cash
ORD0013,2025-11-02,Arjun,Khammam,Accessories,USB Hub,5,1100,0.05,5225.0,973.75,UPI
ORD0014,2025-12-15,Diya,Nalgonda,Furniture,Office Chair,3,5500,0.1,14850.0,5423.3,UPI
ORD0015,2025-05-15,Aisha,Warangal,Electronics,Headphones,5,1500,0.15,6375.0,2271.03,Debit Card
ORD0016,2025-03-24,Rohan,Hyderabad,Furniture,Lamp,1,1200,0.0,1200.0,234.72,Debit Card
ORD0017,2025-05-03,Ananya,Warangal,Electronics,Wireless Mouse,4,650,0.0,2600.0,480.59,Credit Card
ORD0018,2025-03-07,Kiran,Warangal,Furniture,Lamp,2,1200,0.15,2040.0,477.04,Credit Card
ORD0019,2025-06-09,Vikram,Nalgonda,Accessories,USB Hub,1,1100,0.0,1100.0,385.62,Debit Card
ORD0020,2025-01-11,Pooja,Warangal,Office Supplies,Notebook,1,120,0.0,120.0,41.96,UPI
ORD0021,2025-06-19,Arjun,Warangal,Furniture,Lamp,2,1200,0.15,2040.0,756.62,Cash
ORD0022,2025-05-05,Kiran,Khammam,Office Supplies,Notebook,1,120,0.1,108.0,34.78,Cash
ORD0023,2025-08-28,Ananya,Hyderabad,Electronics,Monitor,3,8500,0.0,25500.0,8805.04,Credit Card
ORD0024,2025-10-02,Neha,Warangal,Accessories,Water Bottle,3,600,0.1,1620.0,558.97,UPI
ORD0025,2025-08-15,Rohan,Hyderabad,Electronics,Wireless Mouse,1,650,0.0,650.0,236.22,Cash
ORD0026,2025-09-04,Meera,Khammam,Electronics,Keyboard,4,900,0.0,3600.0,659.64,Debit Card
ORD0027,2025-08-21,Sanjay,Khammam,Accessories,Water Bottle,2,600,0.05,1140.0,401.4,UPI
ORD0028,2025-10-24,Rohan,Hyderabad,Furniture,Office Chair,1,5500,0.15,4675.0,1379.62,Credit Card
ORD0029,2025-01-30,Aisha,Hyderabad,Office Supplies,Notebook,5,120,0.0,600.0,150.87,Credit Card
ORD0030,2025-07-26,Diya,Warangal,Electronics,Wireless Mouse,4,650,0.15,2210.0,609.19,Debit Card
ORD0031,2025-05-14,Meera,Nalgonda,Office Supplies,File Folder,4,90,0.0,360.0,90.8,Debit Card
ORD0032,2025-08-23,Sneha,Hyderabad,Electronics,Monitor,5,8500,0.15,36125.0,6533.52,UPI
ORD0033,2025-10-03,Meera,Nalgonda,Office Supplies,File Folder,1,90,0.0,90.0,28.68,Credit Card
ORD0034,2025-08-13,Rohan,Nalgonda,Electronics,Headphones,1,1500,0.0,1500.0,512.73,UPI
ORD0035,2025-10-11,Ishaan,Nalgonda,Furniture,Study Table,3,7000,0.0,21000.0,5223.76,Debit Card
ORD0036,2025-09-16,Kiran,Nalgonda,Electronics,Wireless Mouse,4,650,0.05,2470.0,964.04,Debit Card
ORD0037,2025-03-08,Riya,Warangal,Accessories,USB Hub,5,1100,0.0,5500.0,2064.63,Credit Card
ORD0038,2025-10-07,Ananya,Nalgonda,Office Supplies,Desk Organizer,2,350,0.0,700.0,232.53,UPI
ORD0039,2025-07-03,Meera,Warangal,Electronics,Headphones,5,1500,0.1,6750.0,1253.85,Credit Card
ORD0040,2025-05-02,Kavya,Warangal,Accessories,Backpack,2,1400,0.05,2660.0,606.15,Cash
ORD0041,2025-12-09,Rahul,Nalgonda,Office Supplies,Notebook,4,120,0.0,480.0,101.33,Credit Card
ORD0042,2025-04-13,Neha,Nalgonda,Furniture,Study Table,2,7000,0.0,14000.0,3567.1,Cash
ORD0043,2025-06-18,Riya,Hyderabad,Furniture,Bookshelf,5,4500,0.1,20250.0,5072.75,Debit Card
ORD0044,2025-01-15,Diya,Nalgonda,Office Supplies,File Folder,1,90,0.0,90.0,24.19,Debit Card
ORD0045,2025-06-10,Priya,Hyderabad,Accessories,Water Bottle,3,600,0.0,1800.0,439.32,UPI
ORD0046,2025-09-24,Rohan,Warangal,Furniture,Lamp,1,1200,0.05,1140.0,299.71,UPI
ORD0047,2025-06-03,Aisha,Nalgonda,Accessories,Laptop Stand,4,1800,0.05,6840.0,1901.72,Credit Card
ORD0048,2025-08-04,Vikram,Warangal,Furniture,Lamp,5,1200,0.0,6000.0,1998.89,Credit Card
ORD0049,2025-08-09,Pooja,Nalgonda,Accessories,USB Hub,4,1100,0.0,4400.0,1265.18,Credit Card
ORD0050,2025-12-04,Arjun,Nalgonda,Furniture,Office Chair,2,5500,0.05,10450.0,3663.55,Credit Card
ORD0051,2025-03-17,Aarav,Hyderabad,Office Supplies,Desk Organizer,5,350,0.0,1750.0,524.66,Credit Card
ORD0052,2025-12-23,Vikram,Khammam,Accessories,Water Bottle,2,600,0.0,1200.0,244.34,UPI
ORD0053,2025-08-06,Rahul,Warangal,Accessories,Backpack,5,1400,0.0,7000.0,1387.1,UPI
ORD0054,2025-08-22,Ishaan,Khammam,Furniture,Lamp,5,1200,0.15,5100.0,1561.2,Cash
ORD0055,2025-03-23,Kiran,Khammam,Furniture,Study Table,3,7000,0.15,17850.0,5236.99,Credit Card
ORD0056,2025-05-21,Neha,Hyderabad,Furniture,Study Table,3,7000,0.05,19950.0,6576.79,UPI
ORD0057,2025-03-12,Ishaan,Warangal,Accessories,Water Bottle,2,600,0.0,1200.0,370.47,Debit Card
ORD0058,2025-10-05,Neha,Khammam,Electronics,Keyboard,4,900,0.1,3240.0,651.03,UPI
ORD0059,2025-10-22,Vikram,Khammam,Electronics,Headphones,3,1500,0.1,4050.0,859.58,Cash
ORD0060,2025-10-03,Rohan,Warangal,Accessories,Water Bottle,3,600,0.1,1620.0,474.92,Cash
ORD0061,2025-06-22,Vikram,Warangal,Accessories,Water Bottle,5,600,0.15,2550.0,1004.87,Cash
ORD0062,2025-10-31,Pooja,Hyderabad,Electronics,Monitor,2,8500,0.1,15300.0,5508.3,Debit Card
ORD0063,2025-07-14,Sneha,Warangal,Accessories,Laptop Stand,3,1800,0.1,4860.0,1646.49,Cash
ORD0064,2025-05-10,Arjun,Khammam,Electronics,Wireless Mouse,3,650,0.0,1950.0,501.09,UPI
ORD0065,2025-01-16,Rahul,Warangal,Electronics,Keyboard,2,900,0.0,1800.0,532.47,UPI
ORD0066,2025-10-16,Meera,Khammam,Furniture,Bookshelf,2,4500,0.15,7650.0,2038.0,UPI
ORD0067,2025-03-25,Sanjay,Hyderabad,Electronics,Headphones,5,1500,0.1,6750.0,2110.97,Credit Card
ORD0068,2025-02-08,Pooja,Warangal,Electronics,Headphones,5,1500,0.0,7500.0,1686.23,UPI
ORD0069,2025-06-27,Rohan,Khammam,Furniture,Office Chair,5,5500,0.05,26125.0,10377.28,Cash
ORD0070,2025-09-08,Diya,Khammam,Furniture,Lamp,2,1200,0.1,2160.0,780.3,Debit Card
ORD0071,2025-11-12,Rohan,Khammam,Accessories,USB Hub,5,1100,0.05,5225.0,1719.51,Credit Card
ORD0072,2025-02-14,Riya,Khammam,Office Supplies,Desk Organizer,5,350,0.15,1487.5,376.34,Debit Card
ORD0073,2025-01-15,Kiran,Nalgonda,Office Supplies,Desk Organizer,2,350,0.05,665.0,149.28,Debit Card
ORD0074,2025-05-24,Aditya,Nalgonda,Electronics,Keyboard,1,900,0.0,900.0,217.43,Cash
ORD0075,2025-10-12,Rahul,Khammam,Accessories,USB Hub,1,1100,0.0,1100.0,368.79,Cash
ORD0076,2025-12-21,Rahul,Nalgonda,Furniture,Lamp,5,1200,0.15,5100.0,1654.3,Debit Card
ORD0077,2025-06-30,Neha,Nalgonda,Furniture,Bookshelf,2,4500,0.0,9000.0,2171.86,Debit Card
ORD0078,2025-03-03,Rohan,Warangal,Office Supplies,Pen Set,4,180,0.05,684.0,164.56,Debit Card
ORD0079,2025-02-21,Meera,Nalgonda,Office Supplies,File Folder,2,90,0.05,171.0,67.87,Credit Card
ORD0080,2025-05-21,Ananya,Hyderabad,Furniture,Study Table,4,7000,0.0,28000.0,5824.05,Debit Card
ORD0081,2025-08-29,Kiran,Khammam,Furniture,Study Table,1,7000,0.05,6650.0,1283.22,Cash
ORD0082,2025-02-28,Arjun,Khammam,Accessories,Backpack,5,1400,0.0,7000.0,2566.34,Debit Card
ORD0083,2025-02-13,Rahul,Hyderabad,Accessories,Water Bottle,5,600,0.1,2700.0,812.39,Cash
ORD0084,2025-06-02,Pooja,Khammam,Furniture,Office Chair,5,5500,0.0,27500.0,5267.08,Credit Card
ORD0085,2025-11-17,Meera,Nalgonda,Electronics,Keyboard,2,900,0.0,1800.0,501.41,Credit Card
ORD0086,2025-01-02,Priya,Khammam,Accessories,Laptop Stand,1,1800,0.0,1800.0,605.91,Debit Card
ORD0087,2025-12-26,Neha,Hyderabad,Office Supplies,File Folder,5,90,0.0,450.0,137.91,Credit Card
ORD0088,2025-11-28,Ishaan,Nalgonda,Office Supplies,Notebook,1,120,0.0,120.0,27.07,Debit Card
ORD0089,2025-08-13,Diya,Khammam,Furniture,Lamp,3,1200,0.15,3060.0,860.48,Cash
ORD0090,2025-02-11,Aditya,Hyderabad,Accessories,Laptop Stand,5,1800,0.05,8550.0,3371.35,Credit Card
ORD0091,2025-12-12,Pooja,Hyderabad,Furniture,Office Chair,2,5500,0.1,9900.0,2829.7,Cash
ORD0092,2025-05-23,Kavya,Khammam,Accessories,Backpack,4,1400,0.05,5320.0,1650.07,Debit Card
ORD0093,2025-12-10,Diya,Warangal,Furniture,Lamp,4,1200,0.05,4560.0,1159.3,Cash
ORD0094,2025-10-09,Ananya,Khammam,Electronics,Headphones,3,1500,0.05,4275.0,1600.98,Cash
ORD0095,2025-09-21,Aarav,Khammam,Accessories,Backpack,2,1400,0.15,2380.0,762.57,Cash
ORD0096,2025-11-17,Neha,Hyderabad,Office Supplies,File Folder,5,90,0.0,450.0,88.16,Cash
ORD0097,2025-12-24,Kiran,Hyderabad,Electronics,Keyboard,2,900,0.05,1710.0,476.77,Cash
ORD0098,2025-02-17,Rahul,Hyderabad,Accessories,Backpack,2,1400,0.1,2520.0,490.94,Debit Card
ORD0099,2025-09-18,Riya,Khammam,Accessories,USB Hub,2,1100,0.1,1980.0,551.87,Cash
ORD0100,2025-04-08,Aditya,Warangal,Electronics,Headphones,4,1500,0.05,5700.0,1108.45,Debit Card
ORD0101,2025-01-02,Sanjay,Nalgonda,Accessories,Water Bottle,4,600,0.15,2040.0,598.63,Debit Card
ORD0102,2025-10-10,Rohan,Khammam,Accessories,Laptop Stand,2,1800,0.0,3600.0,987.14,Credit Card
ORD0103,2025-07-30,Ananya,Nalgonda,Accessories,USB Hub,4,1100,0.0,4400.0,1280.52,UPI
ORD0104,2025-03-06,Aisha,Nalgonda,Electronics,Monitor,1,8500,0.15,7225.0,1442.85,UPI
ORD0105,2025-03-15,Priya,Warangal,Electronics,Monitor,3,8500,0.05,24225.0,6368.34,Cash
ORD0106,2025-11-29,Arjun,Nalgonda,Accessories,Laptop Stand,4,1800,0.15,6120.0,2399.67,UPI
ORD0107,2025-05-01,Sanjay,Warangal,Electronics,Monitor,1,8500,0.0,8500.0,2570.32,Debit Card
ORD0108,2025-01-15,Ananya,Nalgonda,Electronics,Headphones,3,1500,0.05,4275.0,1304.94,Credit Card
ORD0109,2025-09-29,Priya,Warangal,Office Supplies,Pen Set,1,180,0.15,153.0,31.89,Credit Card
ORD0110,2025-09-12,Pooja,Warangal,Office Supplies,Desk Organizer,3,350,0.1,945.0,324.92,UPI
ORD0111,2025-08-27,Sanjay,Warangal,Electronics,Monitor,3,8500,0.15,21675.0,7243.48,Cash
ORD0112,2025-12-20,Riya,Khammam,Furniture,Study Table,4,7000,0.1,25200.0,9488.71,Cash
ORD0113,2025-10-20,Varun,Nalgonda,Furniture,Office Chair,4,5500,0.05,20900.0,8322.77,UPI
ORD0114,2025-11-07,Kiran,Nalgonda,Office Supplies,File Folder,2,90,0.0,180.0,47.41,Credit Card
ORD0115,2025-11-18,Diya,Hyderabad,Furniture,Lamp,1,1200,0.15,1020.0,326.13,Credit Card
ORD0116,2025-02-16,Sanjay,Nalgonda,Accessories,Water Bottle,2,600,0.0,1200.0,272.36,Debit Card
ORD0117,2025-09-29,Aisha,Nalgonda,Office Supplies,File Folder,4,90,0.05,342.0,80.63,Debit Card
ORD0118,2025-02-28,Neha,Hyderabad,Office Supplies,Pen Set,4,180,0.15,612.0,195.55,Cash
ORD0119,2025-01-08,Riya,Hyderabad,Accessories,Laptop Stand,3,1800,0.15,4590.0,1451.24,Debit Card
ORD0120,2025-02-25,Rahul,Khammam,Electronics,Headphones,5,1500,0.0,7500.0,1931.37,Cash
ORD0121,2025-12-25,Sanjay,Khammam,Electronics,Keyboard,1,900,0.0,900.0,299.74,Cash
ORD0122,2025-03-01,Diya,Warangal,Office Supplies,Desk Organizer,4,350,0.05,1330.0,335.82,Cash
ORD0123,2025-10-28,Ishaan,Khammam,Electronics,Monitor,5,8500,0.1,38250.0,7397.87,Debit Card
ORD0124,2025-01-17,Varun,Warangal,Accessories,USB Hub,2,1100,0.05,2090.0,790.32,Debit Card
ORD0125,2025-10-06,Varun,Hyderabad,Accessories,Laptop Stand,2,1800,0.0,3600.0,688.38,Cash
ORD0126,2025-02-16,Meera,Hyderabad,Electronics,Headphones,2,1500,0.0,3000.0,680.59,Credit Card
ORD0127,2025-02-05,Rohan,Warangal,Office Supplies,Pen Set,3,180,0.0,540.0,122.31,UPI
ORD0128,2025-05-22,Ishaan,Warangal,Furniture,Study Table,1,7000,0.0,7000.0,2597.02,Debit Card
ORD0129,2025-05-02,Pooja,Nalgonda,Electronics,Keyboard,3,900,0.0,2700.0,1004.71,Cash
ORD0130,2025-09-27,Diya,Hyderabad,Accessories,USB Hub,3,1100,0.15,2805.0,755.65,Cash
ORD0131,2025-09-15,Rahul,Hyderabad,Furniture,Lamp,1,1200,0.0,1200.0,216.37,Cash
ORD0132,2025-08-07,Diya,Khammam,Accessories,Backpack,1,1400,0.05,1330.0,354.01,UPI
ORD0133,2025-03-06,Riya,Nalgonda,Accessories,Laptop Stand,4,1800,0.15,6120.0,1632.85,UPI
ORD0134,2025-12-26,Diya,Warangal,Accessories,USB Hub,2,1100,0.1,1980.0,644.36,Cash
ORD0135,2025-07-24,Priya,Hyderabad,Furniture,Lamp,3,1200,0.05,3420.0,1086.38,Credit Card
ORD0136,2025-12-18,Kiran,Hyderabad,Electronics,Wireless Mouse,1,650,0.1,585.0,221.57,Debit Card
ORD0137,2025-03-08,Rohan,Hyderabad,Furniture,Office Chair,4,5500,0.05,20900.0,4343.15,Cash
ORD0138,2025-01-27,Sanjay,Nalgonda,Furniture,Office Chair,5,5500,0.15,23375.0,8255.99,Cash
ORD0139,2025-04-25,Diya,Nalgonda,Furniture,Office Chair,3,5500,0.15,14025.0,4912.19,Cash
ORD0140,2025-10-15,Aditya,Hyderabad,Furniture,Office Chair,2,5500,0.05,10450.0,2564.5,Debit Card
ORD0141,2025-06-23,Varun,Hyderabad,Office Supplies,Pen Set,5,180,0.1,810.0,311.6,UPI
ORD0142,2025-02-16,Aisha,Warangal,Accessories,USB Hub,4,1100,0.05,4180.0,1527.25,Debit Card
ORD0143,2025-06-16,Pooja,Hyderabad,Electronics,Keyboard,2,900,0.15,1530.0,595.25,UPI
ORD0144,2025-05-20,Neha,Khammam,Accessories,USB Hub,4,1100,0.05,4180.0,1473.76,UPI
ORD0145,2025-06-26,Priya,Hyderabad,Furniture,Lamp,5,1200,0.05,5700.0,2223.05,Cash
ORD0146,2025-11-03,Ananya,Hyderabad,Office Supplies,File Folder,2,90,0.0,180.0,41.74,Debit Card
ORD0147,2025-06-17,Diya,Hyderabad,Accessories,USB Hub,2,1100,0.0,2200.0,695.98,Credit Card
ORD0148,2025-09-14,Rohan,Nalgonda,Electronics,Monitor,1,8500,0.1,7650.0,3028.46,UPI
ORD0149,2025-06-10,Pooja,Khammam,Accessories,USB Hub,3,1100,0.0,3300.0,1025.95,Debit Card
ORD0150,2025-03-29,Aditya,Khammam,Furniture,Office Chair,4,5500,0.0,22000.0,7622.35,Cash
